cabang,place_name,tanggal,ulasan,rating,sent_people,sent_physical_evidence,sent_place,sent_price,sent_process,sent_product,sent_promotion
8,Kopi Nako Ciracas,2 bulan lalu,"Vibes nya kalo dari pagi sampe sore (jam rame) tenang bgttt, cocok sih kalo mau wfc atau ngobrol,musiknya ga terlalu keras jalanan pun ga terlalu bisinggg. Deket dari rumah jugaaa, musola bersih cuma kurang penerangan aja, toilet bersihh",5,0,-1,1,0,0,0,0
8,Kopi Nako Ciracas,10 bulan lalu,"Pagi pagi nyari tempat ngopi sambil ngerjain kerjaan atau ngerjain tugas cocok banget disini..
Untuk ambience nya bisa bikin konsen kalo lagi ga terlalu rame.
Pesen ice kopi susu nako, hot cappucino, pisang goreng sama mie goreng.. the coffee are good, pisang gorengnya juga pas buat dampingin kopi, but the mie goreng rasanya terlalu manis dan berminyak.. mungkin karena masih pagi jadi takaran masaknya belum set yg pas yaa 😅
Tapi overall this place is 👍
Ada room khusus juga kalau mau bikin private occasion, ada mushola dan toiletnya juga bersih.
Nice but improve the taste of your food supaya sebanding sama harganya yaa 👍",5,0,1,0,-1,0,-1,0
8,Kopi Nako Ciracas,sebulan lalu,"Enak kopinya, suasananya enak. Banyak tempat duduk, banyak menu kopi dan makanannya. Harga terjangkau, dekat dari rumah dan stasiun LRT ciracas",5,0,1,1,1,0,1,0
8,Kopi Nako Ciracas,9 bulan lalu,"Makanan 3/5
Nasi goreng nya ga banget rasanya, asin. Buat harga yang dibayarkan, ga sepadan porsi dan rasanya. Pisang gorengnya kecil, rasanya lumayan.

Minuman 5/5
Pesan kopi nako dan kalua coffee. Kopi nako nya enak, kalua coffee nya mantappppp. Kalua ini rasanya kayak rum. Tapi tetep dua2 nya manis bangetttt. Yang ga suka manis, perlu banget bilang less sweet.

Suasana 5/5
Suasana nya pagi nya nyaman, walopun di pinggir jalan, ga terlalu kerasa bising. Rimbun juga tempatnya. Tempatnya terbuka, kalo hujan, yaaa.. Pulang deh.

Fasilitas 4/5
Tempat parkir luas, toilet ada.

Pelayanan 4/5
Lebih ke self service sih, tapi petugas kasirnya friendly and helpful.

Nice place, nice coffee, not recommended during rainy weather",4,1,-1,-1,-1,0,0,0
8,Kopi Nako Ciracas,setahun lalu,"Bismillah

Ceritanya gi jengukin temen ke daerah Ciracas
Ya udah deh, sekalian aza cari tempat buat makan siang
Setelah tanya² mbah gugel & liat² di yutub, akhirnya kami memutuskan tuk makan di sini

➖➖➖➖➖➖➖➖➖➖➖➖➖➖➖➖➖

🌸 Kelebihan :
🐝Lokasi di pinggir jalan (di lalui oleh Jaklingko)
🐝Tempat parkir cukup luas, muat sekitar 3 mobil & 20 (bahkan lebih) motor.
Kalo parkir motor hanya di 1 sisi, mungkin bisa parkir buat 4 atau 5 mobil
🐝ada area outdoor, semi outdoor (lantai 2) & indoor (lantai 1)
🐝terdapat mushola di lantai 2 dgn tempat wudhu nya. Mushola muat sekitar 4 orang (2 di depan & 2 di belakang)
🐝terdapat 2 toilet wanita & 1 toilet pria di lantai 1. Di bawah tangga
🐝terdapat 2 wastafel
🐝suasananya cozy bgt
🐝meskipun siang, gak terlalu panas kalo di area outdoor
🐝ada colokon buat charger hape / laptop
🐝terdapat kolam ikan & pepohonan. Sehingga kafe terasa sejuk & asri
🐝 tempatnya estetik buat nongkrong, fhoto² ataupun Working.
🐝pelayanan nya ramah bgt, full dgn senyum manis.
🐝penyajian makanan juga cepet
🐝harga nya standart kafe, cukup terjangkau buat tim mendang mending
🐝 Rasa makanan :
▪️Matcha Latte 5⭐
Matcha nya terasa bgt tapi gak bau matcha. Coz sgt seimbang dgn rasa susunya. Jadi terasa creamy yg bikin nagih
▪️es coklat 4⭐
Coklatnya di blender bersama es, mirip jus coklat 😅
▪️cireng goreng 4,5⭐
Cireng nya gurih & sambalnya rujak nya enak
▪️Mix plater 4,5 ⭐
Isinya lumayan banyak & rasanya enak. Terdapat sosis, kentang goreng, nugget & keripik bawang.
Kentang gorengnya gurih, di taburi dgn garam halus. Sosisnya enak. Kalo keripik barangnya, sedikit keras tapi masih ok.
▪️tahu bakso 2,5⭐
Tahunya agak keras & kurang oke rasanya. Sedangkan baksonya kurang berasa.

🌸Kekurangan :
🐝 Area indoor kurang terasa dinginnya. Karena peletakan AC kurang strategis sehingga tidak bisa menjangkau semua area.
Selain itu, ruangannya kecil tapi muat sekitar 20 orang. Kalo ada sekitar 15 orang, AC pasti gak terasa. Karena kemaren ada sekitar 12 orang, AC gak ada rasanya 😅
🐝toilet kurang bersih, tong sampah terbuka sehingga sampah terlihat. Plafon toilet rusak, sehingga terlihat bagian atasnya.
🐝Tempat wudhu terbuka. Sehingga gak aman & nyaman tuk para muslimah yg berjilbab.
🐝karena area Indoor sgt kecil & kurang dingin, bagi yg bawa anak harus prepare mainan. Coz kalo mreka main di luar, bisa terpapar dgn asap rokok
🐝 makanan banyak yg tidak tersedia (habis sebelum jam makan siang).
🐝 kurang variatif tuk menu makanan nya, terutama tuk menu utama nya.

Kalo sekedar nongki, minum oke, dll
Ini tempat yg oke bgt 🥰

Tapi kalo buat makan kenyang, ini kurang pas. 🤭

Kalo bawa anak, disini gak ada playground & gak tersedia mainan tuk anak. Area outdoor rawan bgt asap rokok. 🥲",4,1,-1,1,1,1,1,0
8,Kopi Nako Ciracas,10 bulan lalu,"Salah satu cabang Kopi Nako di Jakarta Timur yang cukup dekat dengan stasiun LRT Ciracas. Area duduknya banyak, tapi untuk area non-smoking hanya ada 4 meja di ruangan dekat kasir, dan AC-nya saat siang kurang terasa (agak panas). Tersedia tempat sholat di lantai 2 tetapi tidak besar (hanya cukup untuk 2 orang). Area duduk di outdoor cukup teduh dengan naungan pohon ketapang kencana. Tempat parkir memuat cukup banyak motor.",4,0,-1,1,0,0,0,0
8,Kopi Nako Ciracas,2 tahun lalu,"Overall enak, nyaman dan cozy. Tersedia musholla walaupun tidak besar. Kamar mandi juga bersih dan nyaman. Harga masih terjangkau dengan suasana yg cukup nyaman pda waktu itu sore hari setelah hujan. Juga tersedia wifi yang lumayan kencang.",4,0,-1,0,1,0,0,0
8,Kopi Nako Ciracas,setahun lalu,"Ngopi sore bareng keluarga. Datang ber10, ambil tempat indoor karena di luar gerimis. Servicenya bagus. Pegawainya ramah. Mba2nya juga langsung nawarin buat gabungin meja/kursi. Bikin kopinya juga cepat (secara kita ber10).",5,1,0,0,0,1,0,0
8,Kopi Nako Ciracas,3 bulan lalu,Tempat nya enak bingit buat nongkrong atau pertemuaan sama temen2,5,0,1,0,0,0,0,0
8,Kopi Nako Ciracas,3 tahun lalu,"Tempat asik buat nongkrong sambil ngopi2 cantik. Kopinya enak, hot chocolate nya agak kurang kuat rasa coklatnya...Mix flutternya isi kentang goreng, keripik nachos, dan chicken wings rasanya oke...Pas dateng ksini pada jam baru buka sih enak suasananya krn masih sepi...cuma biasanya klo sore disini rame bgt...Jd recommend sktr jam 10an di pagi hari klo mau dapet suasana enak dan sepi ya 😉",5,0,1,0,0,0,0,0
8,Kopi Nako Ciracas,2 tahun lalu,"Seperti biasa, Nako ini terkenal dengan tempatnya yang luas dan banyak tempat duduknya ya, jadi pengunjung tidak kesusahan jika ingin dine in atau sekedar duduk-duduk sambil mengobrol.
Namun sangat disayangkan, di Nako ciracas ini menunya tidak semua available.. jadi kurang beragam makanan cemilannya.
Jika datang malam hari, saya sarankan pengunjung menggunakan celana panjang non gelap karena lumayan ada nyamuk.
Musolahnya ada, tetapi jujur kurang besar jadi agak tidak nyaman.
Smg beberapa hal yang saya tulis bisa menjadi evaluasi.
Thank you",4,0,-1,0,0,0,0,0
8,Kopi Nako Ciracas,2 tahun lalu,"Kedai kopi Nako yg selalu punya ciri khas pada bangunanya, termasuk kopi nako ciracas. Area indoor dengan beberapa pohon peneduh yg cukup bikin adem, hanya sayang jarak antar kursi didalam agak sempit

Kopi latte juga cukup nikmat, menu meals dan snack cukup variatif, harga masih standar. Pelayanan baik dan cepat, wifi tersedia, parkir mobil dan motor ada",4,0,-1,1,0,1,1,0
8,Kopi Nako Ciracas,4 bulan lalu,"Lokasi lumayan bagus, parkir cukup tapi gak terlalu luas juga. Tempatnya dominan outdoor, kalo indoor nya sempit, jadi kalo indoor penuh (banyak yg nongkrong di indoor lamaa) agak kepanasan di luar cuaca siang. Toilet gaada kuncinya, musholla cukup. Makanan so so, untuk harga segitu harusnya bisa lebih lagi (bersaing dengan kafe dan resto lain), tapi kopi mayan enak dan pelayanan ramah. Mohon diupgrade lagi tempatnya supaya semua orang bisa nyaman. Soalnya ini bukan di bogor yg siangnya adem wkwk, jadi kurang cocok kalo dominan outdoor di jakarta yg panas. Thanks 🙏",3,1,-1,-1,-1,0,1,0
8,Kopi Nako Ciracas,setahun lalu,"Cocok datang pagi sambil ngopi santai. Kopi nya standar kopi nako. Nyaman diminum. Matcha latte oke, teh susu nya kurang nendang teh nya. Ada ruangan indoor dan outdoor. Parkiran mobil terbatas. Toilet bersih.",5,0,1,-1,0,0,-1,0
8,Kopi Nako Ciracas,2 tahun lalu,"Kemarin pagi ke sini, jadi customer pertama. Bahkan sampe jam 10 pagi pun belum ada customer lain hahaha not much to review, khas Kopi Nako yang enak dan harga lumayan terjangkau. Lokasinya di jalan kecil sih ya dan parkiran mobil terbatas juga.",5,0,0,-1,1,0,1,0
8,Kopi Nako Ciracas,3 tahun lalu,"Kopinya berasa banget! Untuk es coklat juga sesuai sama deskripsi yg ada. Untuk mix platter 3⭐/5, tortila keras banget snack minimarket.
Toiletnya rapih dan bersih, pemandangannya juga oke. Servicenya juga lumayan oke.
Untuk ngerjain tugas disini juga bisa, tersedia banyak colokan tapi kurang cocok kalo pake laptop dan tiba tiba ujan karna indoornya ga terlalu luas 🤷",5,0,-1,0,0,0,-1,0
8,Kopi Nako Ciracas,4 tahun lalu,"Alhamdulillah ada tempat ngopi dan jajan baru di dekat rumah. Menu nya enak enak, dan harga terjangkau, bisa pakai tunai dan debit card juga. Parkir luas, tempat duduk outdoor ada banyak, tp kalau lg siang, astagfirullah panas sekali dan tempat di indoor nya sedikit. Ada musholla di lt 2 dan toilet nya bersih. Staff nya ramah. Seru lah pokoknyaa",5,1,-1,1,1,0,1,0
8,Kopi Nako Ciracas,11 bulan lalu,"2 Bulan lalu udah ada review BAD SERVICE.
Kirain bakal ada pelajaran dan perubahan, gataunya sama aja BAD SERVICE.

Ada 3 orang crew yang seperti merendahkan teman” gw yang masih di ruangan reserved dengan menertawakan sambil melihat ke arah ruangan kaca. Gw liatin terus itu 3 orang sampe diem sampe kikuk sampe akhirnya buyar, 1 stay di tempat (rambut gondrong), 1 masuk pantri 1 ke depan.

Pemakaian tempat reserved, iya kita bilang sampe jam 4 untuk pemakaian.
Kita jam 4 belum selesai dan kita minta tambahan waktu, tapi dia bilang udah jam 4 karna ada yang reserved juga mau buka puasa. Sempat minta waktu 15menit. Tapi 15menit belum selesai, temen gw liat crewnya kaya merendahkan dengan kasih gesture jari menunjuk keluar dari luar kaca. Akhirnya gw paksa temen gw buat kita lanjutin di luar aja karna ga enak kan mau dipake tempatnya untuk buka puasa yang di reserved dan juga nih crew udah ngeliatin terus dari luar. Tapi klen tau apa? Kita stay sampe setengah 6 tapi ga ada 1 orang pun yang masuk ke tempat itu, WTH? WHY?

Jelas” ada order ice americano dan gw ada di depan congor mbanya dan di depan temen gw, sampe temen gw ingetin lagi buat order ice americano 1, malah disuruh cek bill ke temen gw sampe gw bolak balik kasir 2x, padahal billnya belom ada dikasih. Padahal tinggal minta maaf aja karna lupa input, malah melakukan hal yang ga penting.

Kami juga ada kesalahan dan tanpa disengaja, karna salah satu teman kami ada bawa casava chips, kami ditegur tapi kami langsung minta maaf dan tidak melanjutkan.

Tolong crewnya diajarin dengan baik, screening CV pas interview itu penting.

Berkali” ke NAKO, baru cabang ini aja yang bermasalah soal pelayanan.",1,-1,0,0,0,-1,0,0
8,Kopi Nako Ciracas,3 tahun lalu,"Tempatnya luas banyak bangku dsn colokan. Cocok buat hangout bersama teman-teman. Kopinya unik, tapi masih terlalu manis. Tempatnya over open space sih untuk saya yang termasuk introvert ini. Jadi para introvert mungkin bisa dipertimbangin lagi deh mending bawa temen sekalian hehe. Danke.",5,0,-1,0,0,0,-1,0
8,Kopi Nako Ciracas,2 minggu lalu,"Tempatnya indah sejuk, sy sudah 2x mampir kesini setiap habis dr pondok Alhamid",5,0,1,0,0,0,0,0
8,Kopi Nako Ciracas,setahun lalu,"Ada outdoor dan indoor, suasananya lumayan tenang walau sound sysem agak kenceng. Kalau sudah malam, bagian indoornya banyak muncul nyamuk. Sebaiknya kedepan bisa diantisipasi biar membuat pengunjung nyaman.

Harga makanan dan minuman cukup fair, cuman menurut saya masih ada beberapa yang agak mahal. Kopinya enak dan makanannya porsinya cukup banyak. Pisang gorengnya enak banget.

Paling suka kopi durian dan arennya.",5,0,-1,0,-1,0,1,0
8,Kopi Nako Ciracas,setahun lalu,"Tempat nongkrong enak di daerah Ciracas.
Kalau datang ke sana siang-siang terasa sangat panas. Sedangkan ruangan indoor terbatas kursinya.
Saat saya numpang salat di mushola banyak sekali nyamuknya. *mungkin karena jarang dipakai :D
Semoga ada perbaikan ke depannya.",5,0,-1,0,0,0,0,0
8,Kopi Nako Ciracas,11 bulan lalu,"Saya reserved tempat dan dan order melebihi dari minimum payment (350rb) kami order sampai 500rb lebih itu saja ada yang belum terinput. Disaat mau konfirmasi malah di beri respon yang sangat ketus dan tidak mengenakan, bahkan disaat acara saja mendapat perlakuan yang sangat tidak menyenangkan. Karyawan cengangas cengenges tidak jelas seperti tidak ada attitude. Karyawan tidak ada inisiatif sama sekali, judes sekali. Kami pesan MATCHA malah DITERTAWAKAN, pesan AMERICANO TIDAK DIHIRAUKAN.",1,-1,0,0,0,-1,0,0
8,Kopi Nako Ciracas,3 tahun lalu,"Ramai tapi sepi. Tersembunyi dari ramainya lalu lintas jalanan arteri ibukota, tidak bisa dibayangkan kalau tempat ini tidak jauh dari terminal bus kampung rambutan.

Bagi yang membutuhkan suasana santai untuk berdiskusi dan menikmati secangkir (atau lebih) kopi di area jakarta timur dekat dari kampung rambutan, tepatnya di ciracas, bisa untuk datang ke kopi nako ciracas.

Tempat yang tersedia banyak bagi pengunjung yang akan datang. Perku jadi perhatian bahwa parkiran mobil terbatas, namun untuk parkiran motor tersedia lega.

Menu yang tersedia disini beragam untuk makanan dan juga minuman. Menu kopi atau non kopi ada disini",5,0,1,-1,0,0,0,0
8,Kopi Nako Ciracas,4 tahun lalu,"Coffeeshop aesthetic dengan tema industrial, harga makanan dan minuman cukup terjangkau (kurang lebih 20 - 30 ribu rupiah) dengan rasa yang enak.
Terdapat meja indoor dan outdoor yang luas, bersih, dan nyaman. Lokasi parkir tidak terlalu luas",5,0,1,-1,1,0,1,0
8,Kopi Nako Ciracas,3 tahun lalu,"Tempat ngopi paling cocok buat nongkrong. Bisa nongkrong sendiri atau rame2. Tempat duduk lumayan banyak dengan kursi pendek, jadi nyaman buat bersantai. Ada outdoor dan indor, cm kalo di lantai 2 rada gerah, kasih kek kipas angin biar lebih nyaman.",4,0,-1,0,0,0,0,0
8,Kopi Nako Ciracas,setahun lalu,"pelayanannya bagus, apresiasi buat mba yang ada difoto ini baik banget, ada ibu bapak bawa anak kecil lagi ujann, mungkin abis cek keatas penuh/ gimana keliatannya sih ky mau gajadi terus mau keluar, tapi mba ini sigap banget manggil dan bawain meja kedalem ruangan yg ber ac krn emg masih lega bgt sih. bukan cuma itu, tp emang keliatan sigap bgt ky ngebersihin dll nya. Benerbener kagum bngt!!! mba semoga kebaikan dan rezeki mu selalu mengalir yaaa!!❤️❤️",5,1,1,0,0,1,0,0
8,Kopi Nako Ciracas,setahun lalu,"Tempat ini diantara Perkantoran pemerintahan sekolah, pemukiman dan pasar. Kesini sambil nunggu istri yang sedang Ujian di BKN. Untuk tempat sangat membantu sambil baca  dan ngerjain tugas kantor. Buat kerja dibagian dalam ber AC dan bagian Atas dekat Mushola pilihan yang dapat dipertimbangkan. Silahkan dicoba bila ada kesempatan",5,0,1,1,0,0,0,0
8,Kopi Nako Ciracas,3 tahun lalu,"Tempatnya seru ada indoor dan outdoor, ada live musiknya. Rasa makanan lumayan yaa, buat nongki2 with pacar atau temen oke juga.",5,0,1,0,0,0,0,0
8,Kopi Nako Ciracas,setahun lalu,"cozy bgt tempat nya, rasa kopi nya the best sih menurut ku & makanan nya jg worth it .. free wifi lg tanpa minimum order 🤩🤩",5,0,1,0,1,0,1,0
8,Kopi Nako Ciracas,3 tahun lalu,"Tempatnya lumayan luas dan nyaman, untuk harga juga affordable. Parkiran juga luas. Disarankan kesini sore/malem karena kalo siang panas bgt 🥲",5,0,-1,1,1,0,0,0
8,Kopi Nako Ciracas,setahun lalu,"Emang gak pernah gagal yah tempat nongkrongnya. Kopi yah udah gak perlu ditanyain yah.

Sejuk dan ijo banget gitu.",4,0,1,0,0,0,0,0
8,Kopi Nako Ciracas,2 tahun lalu,"Lokasinya dekat dgn stasiun LRT utk suasananya lumayan banyak, parkiran utk yg bawa mbl mungkin sangat terbatas jd lbh rekomendasi pakai kendaraan roda 2",5,0,1,-1,0,0,0,0
8,Kopi Nako Ciracas,setahun lalu,"Kesini di jam makan siang , pilihan menunya kurang variatif untuk makanan tapi kalo untuk kopinya oke , termasuk sepi kalo fibanfingkan dg kopi nako yang di kalisari , pilihan menunya pun lebih banyak yg di kalisari sana daripada sini",3,0,0,0,0,0,-1,0
8,Kopi Nako Ciracas,3 tahun lalu,"Tempat yg cukup nyaman untuk ngopi. harga masih relatif murah. pilih yg strong tp rasanya g strong2 bgt. ada indoor, ada outdoor. indoornya ber ac, tp sayang kurang musik. crofflenya enak, masih relatif murah untuk harga segitu. tempat parkirnya g bersahabat untuk mobil.",5,0,-1,-1,1,0,0,0
8,Kopi Nako Ciracas,2 tahun lalu,"Untuk nasi gorengnya kurang ada rasa, kaya bumbunya ga merata dan bumbunga asin aja tapi kurang kerasa, untuk minuman nya juga biasa aja, yang strawberry kurang berasa strawberry seger nya",4,0,0,0,0,0,-1,0
8,Kopi Nako Ciracas,4 bulan lalu,"Parkir sempit, tidak ada usaha mencarikan parkir. Langsung ditolak. Ga butuh customer kayaknya.",1,-1,0,-1,0,0,0,0
8,Kopi Nako Ciracas,2 tahun lalu,"Tempat ngopi paling bener di ciracas nako sih emang. Kalo kesini mesti pesen nasgornya si krn enak 🥰. Tapi kalo kesini lbh baik siang krn ga terlalu rame, kalo udah malem rame bgt",5,0,0,0,0,0,1,0
8,Kopi Nako Ciracas,3 tahun lalu,"Tempatnya bagus dan cukup luas dengan 3 lantai yg ada, untuk tempat parkir kendaraan masih kurang luas, makanan cukup enak dan bervariasi, cocok buat yang suka ngumpul bareng teman",5,0,1,-1,0,0,1,0
8,Kopi Nako Ciracas,3 tahun lalu,"Tempat yang cukup nyaman buat ngobrol / nongkrong.
Ada musholanya.
Music dimatikan saat adzan dan waktu sholat.
👍👍 …",5,0,1,0,0,0,0,0
8,Kopi Nako Ciracas,4 tahun lalu,"Tempatnya rada mirip mirip sama yang di depok cuman versi mininya, kurang luas tapi tempatnya bersih.

Dateng hari senin aja rame banget guys jadi kalo mau dateng, lebih baik dari sore sih supaya dapet tempat.",5,0,-1,0,0,0,0,0
8,Kopi Nako Ciracas,2 tahun lalu,"udh bbrp x ksni slalu psn siganture kopinya mereka alias kopi gula aren, enak sih. tp gue bosen dan pgn cobain matcha nya krna biasanya klo ke coffeeshop yg agak mahal gw slalu pesen matcha krna sesuka itu sm matcha.

memberanikan diri pesen disini krna mungkin ya gmn sih rasa terburuk matcha? ternyata bneran buruk bgt. manis banget gak ketulungan sampe sekali sekali teguk udh gak diminum lagi lgsg gw tinggal aja disitu. akhirnya beli air mineral aja

inget ya gais, matcha itu PAHIT. klo ada manis pun manisnya gak kayak gitu juga kali. ini ampe gabisa keminum, gatau deh tuh ketumpahan gula apa gmn😅😅",4,0,0,0,0,0,-1,0
8,Kopi Nako Ciracas,3 tahun lalu,"Rasa kopi capucino ice pas banget..gorengan pisang krispi coklat keju nya kerasa banget dgn taburan keju yang banyak. Kripik , kentang, ayam wings,ayam oaha yang gurih dengan cocolan sambel. Tahu goreng dengan sambel cabe rawit kecap yang pas..tempat duduk di lantai 2 enak buat nongkrong bareng temen temen buat nyemil ringan..lantai bawah sempet duduk untuk area no smoking , AC nya dingin bener. Rekomendasi buat nongkrong bareng teman teman dekat",5,0,1,0,0,0,1,0
8,Kopi Nako Ciracas,3 tahun lalu,"Aneka kopi kekinian dihadirkan disini, selain itu vibes industrial ditonjolkan dan ruangan indoor dan outdoor dapat dipilih sesuai dengan kebutuhan. Terdapat lantai 2 juga apabila ruangan dibawah penuh.
Pembayaran bisa menggunakan berbagai metode baik cash atau digital.
Tempat parkir bisa muat beberapa mobil dan puluhan motor.
Biasanya ramai kalau sudah sore dan malam terutama di akhir pekan.",4,0,0,1,0,0,0,0
8,Kopi Nako Ciracas,10 bulan lalu,Ngopsan bareng mantan pacar dengan suasana yg adem ayem,5,0,1,0,0,0,0,0
8,Kopi Nako Ciracas,2 tahun lalu,"Tempatnya enak buat sekedar ngobrol sama sahabat/keluarga, kopi enak dan makanan ringan juga enak, harga reasonable. Tempat parkir mobil hanya muat 6-8 mobil.",4,0,1,-1,1,0,1,0
8,Kopi Nako Ciracas,3 tahun lalu,"rasa kopinya biasa aja, makanannya jg biasa aj. kemahalan dengan harga sgitu dan porsi yg dsajikan. tempatnya biasa aj, cuma kurang area yg terlindung dr hujan.",3,0,-1,0,-1,0,0,0
8,Kopi Nako Ciracas,3 tahun lalu,"Konsepnya masih sama kaya kopi nako dicabang lainnya tetapi untuk lahan parkirnya kurang luas, mayoritas parkiran dipake motor semua. Pertama kali kesini abis pulang kerja dan bawa mobil, parkirnya susah dan harus parkir di seberang mepet rumah orang. (Foto dari mobil terlampir)",4,0,0,-1,0,0,0,0
8,Kopi Nako Ciracas,3 tahun lalu,"suasana nya sih enak, harga oke lah ..
cuma pelayanannya kurang oke. harus nya sedia kembalian lah, atau klo ga ada kembalian ya cafe yg ngalah jangan customer yg disuruh nyisahin duit nya di cafe, cepet kaya lu boss 😝",4,0,1,0,0,-1,0,0
8,Kopi Nako Ciracas,3 tahun lalu,"Tempat oke, cuman perbaiki lagi pelayanan sama kualitas rasa coffenya, sedikit beda dengan nako lainnya",4,0,1,0,0,-1,-1,0
8,Kopi Nako Ciracas,2 tahun lalu,"Ke sini karena nunggu suami SKD di BKN Ciracas, enak tempatnya, khas tempat ngopi kekinian. WiFi cepet. Harganya bagi aku agak pricey ya. After all, not bad.",3,0,1,0,-1,0,0,0
8,Kopi Nako Ciracas,3 tahun lalu,"Sedikit terganggu dengan teriakan anak2 yang melempar mainan dari atas kebawah. Ekspektasi ngopi itu cari ketenangan, ternyata failed, jangan disini kalo butuh quiet. Kopinya terlalu foamy untuk sejenis cappucino, harga standarlah.",4,0,-1,0,0,0,-1,0
8,Kopi Nako Ciracas,setahun lalu,Makanan minumannya enak cm kurang teliti aja,4,0,0,0,0,-1,0,0
8,Kopi Nako Ciracas,10 bulan lalu,"aaa baik banget baristanya, kopi aku jatuh diganti yang baru, huhu",5,1,0,0,0,0,0,0
8,Kopi Nako Ciracas,3 tahun lalu,"Tempat yg selalu ramai buat ngopi""..",4,0,0,0,0,0,0,0
8,Kopi Nako Ciracas,3 tahun lalu,Tempat nyaman buat nongkrong sambil ngopi2 & snek ringan juga ada.,5,0,1,0,0,0,0,0
8,Kopi Nako Ciracas,8 bulan lalu,Kopinya enak murah dan worth it bangett,5,0,0,0,1,0,1,0
8,Kopi Nako Ciracas,4 tahun lalu,"Tempat nya nyaman bangett terus cuma 5 menit dari rumah, akhirnya dapet tempat nugas baru di ciracas",5,0,1,1,0,0,0,0
8,Kopi Nako Ciracas,setahun lalu,Tempat nya nyaman Buat rame2,5,0,1,0,0,0,0,0
8,Kopi Nako Ciracas,setahun lalu,"Tempat ok krn emg lbh byk ruangan outdoor nya dibanding indoor. Waktu itu group kami sktr 20-an orang gunakan indoor area dan ditambah beberapa tamu lain jd bs nampung sktr 30-an orang.

Klo ttg minuman dan cemilan nya ok lha. Pelayanan sangat baik, krn kami open bill dan orderan nya pun sesuai plus ga pakai lama. Excellent services.

Warga ciracas bangga nie dgn krhadiran kopi nako. Well i could saya this place is quiet place to relax near LRT Ciracas, East Jakarta.",5,0,1,1,0,1,1,0
8,Kopi Nako Ciracas,8 bulan lalu,bgus. tpi agak kecil dri kopinako cabang lain.,5,0,0,0,0,0,0,0
8,Kopi Nako Ciracas,11 bulan lalu,"Pelayanan tidak ramah, pelayannya judes , pesen matcha di ketawa²in. Tolong owner ajarin basic customer relation ke crewnya!  Kita spend hampir 600rb tapi pelayanan ga bagus sama sekali.",1,-1,0,0,0,0,0,0
8,Kopi Nako Ciracas,5 bulan lalu,"Suasana mantap syahdu & rindang, pelayanan kurang memuaskan... Pelayanan kurang...",4,0,1,0,0,-1,0,0
8,Kopi Nako Ciracas,10 bulan lalu,"Kopi hot nya ga hot, anget doang.. jadi kurang mantap
Di indoor, bangku rotan.. entah ada apa, tangan temenku langsung gatel2, memerah",4,0,-1,0,0,0,-1,0
8,Kopi Nako Ciracas,2 tahun lalu,"Kopinya lumayan enak, makanan lumayan.
Parkir bagus, dipisahkan antara mobil dan motor.",5,0,0,1,0,0,0,0
8,Kopi Nako Ciracas,4 tahun lalu,"Tempat bersih, parkiran dan area dine-in luas. Fasilitas cukup lengkap.",5,0,1,1,0,0,0,0
8,Kopi Nako Ciracas,setahun lalu,"Caffe bagus, konsepnya industrial, ada musholanya, lokasi Caffe gak jauh dari stasiun LRT Ciracas. Tapi untuk makanan keasinan, saya pesan nasi teriyaki waktu itu. Untuk rasa kopi standar lah, seperti di Caffe pada umumnya.",5,0,1,1,0,0,0,0
8,Kopi Nako Ciracas,2 tahun lalu,"Makanan agak mahal, porsinya dikit, suasana terlalu bising dgn music, musholla terlalu kecil",4,0,-1,0,-1,0,-1,0
8,Kopi Nako Ciracas,4 tahun lalu,"Cafe kekinian...tmpat'y lmyan bagus buat foto""...makanan dan minuman standar...",4,0,1,0,0,0,0,0
8,Kopi Nako Ciracas,4 tahun lalu,"Vibesnya enak untuk nongkrong, fasilitasnya juga lengkap",5,0,1,0,0,0,0,0
8,Kopi Nako Ciracas,setahun lalu,"Untuk semua nya udah okee.cuma minus nya di roti bakar beberapa kali beli roti bakar di nako, roti nya seperti tidak di bakar.untuk tingkat Mateng roti bakar ini belum bisa di sebut roti bakar. Trima kasih",5,0,0,0,0,0,-1,0
8,Kopi Nako Ciracas,setahun lalu,Tempat menenangkan diri dari berisiknya isi kepala :)),5,0,1,0,0,0,0,0
8,Kopi Nako Ciracas,3 tahun lalu,Seru untuk hangout bareng temen2 dan meetup untuk cerita hal lama,5,0,0,0,0,0,0,0
8,Kopi Nako Ciracas,setahun lalu,"Pelayan kurang sigap terhadap orang yang bawa anak dibanding dengan melayani anak sekolah,, terjadi di depan mata sendiri,, tidak ada inisiatif dari penjaga keamanan, struk harga tidak dikasih hanya struk dari pembayaran mesin edc",2,0,0,0,0,-1,0,0
8,Kopi Nako Ciracas,3 tahun lalu,Pelayanan cashier perempuan kurang ramah melayani seperti terburu buru padahal tidak ada antrian,1,-1,0,0,0,-1,0,0
8,Kopi Nako Ciracas,3 tahun lalu,tempat ningkrong yg kekinian di daerah Ciracar Jakarta Timur,5,0,1,0,0,0,0,0
8,Kopi Nako Ciracas,3 tahun lalu,Untuk tempat lumayan bagys buat nongkrong parkirnya jg luas tp sayang tmptnya terbuka yg bagian depan jd klo hujan jd gak bisa duduk...utk harga minuman nya termasuk mahal satu gelas medium macha harganya 32k oadahal yg nongki di situ kan biasanya anak sekolah tp harga menunya kaya org kantoran,4,0,-1,-1,-1,0,0,0
8,Kopi Nako Ciracas,11 bulan lalu,"pesenan nya salah barista ketawa seakan"" ke arah kita, tolong training nya diperbaiki lagi atau sekalian di stop dlu aja cabangnya rombak lagi",1,0,0,0,0,-1,0,0
8,Kopi Nako Ciracas,3 tahun lalu,"Angkringan Indonesia Ciracas pas banget buat nongkrong, harga ramah dikantong..mantapppp",5,0,1,0,1,0,0,0
8,Kopi Nako Ciracas,setahun lalu,"Tempat nya oke, cuma pegawainya judes, pelayanan ga bgt, pegawai salah ngasi pesenan ga blg maaf malah dia yg judes, lebih diperhatikan lg ya, ramah tamah dan sopan santun nya!! ngsi cash gada kembalian jg",1,0,1,0,0,-1,0,0
8,Kopi Nako Ciracas,setahun lalu,"Kebagian pas lagi ganti shift, baru bisa pesan setengah jam kemudian, harusnya bisa diperbaiki lagi dari sisi manajemen saat pergantian shift sehingga customer tidak menunggu lama",5,0,0,0,0,-1,0,0
8,Kopi Nako Ciracas,2 tahun lalu,"Minim colokan, ruangan bagian AC kalau ada hujan airnya masuk, harga minuman juga kurang worth it untuk harga segitu, cukup tau aja",2,0,-1,0,-1,0,0,0
8,Kopi Nako Ciracas,3 tahun lalu,"Mampir ke situ setelah gowes rame rame di Sabtu pagi. Cukup nyaman sebenernya untuk cafe outdoor, tapi sayang bukanya udah terlalu siang (jam 9an) jadi matahari udah mulai tinggi. Mateng deh kalo ga dapet tempat di bawah pohon. Minuman cukup enak, makanan ok lah.",4,0,-1,0,0,-1,1,0
8,Kopi Nako Ciracas,setahun lalu,"Tempatnya ok. Tapi parkirannya cuma muat 4 mobil. Sisanya buat motor.

Makanannya biasa aja. Kalau kopinya kopi nako seperti di nako yg lainnya. Cuma view nya lumayan buat tempat nongkrong nungguin anak sekolah",5,0,1,-1,0,0,0,0
8,Kopi Nako Ciracas,setahun lalu,good buat nongkrong santai okela,5,0,1,0,0,0,0,0
8,Kopi Nako Ciracas,10 bulan lalu,"Makanan nya enak, harga nya worthit, minuman nya juga pas rasanya, pelayanan nya ramah & di arahkan",5,0,0,0,1,0,1,0
8,Kopi Nako Ciracas,4 tahun lalu,"Tempat nya luas, minuman juga nikmat",5,0,1,0,0,0,1,0
8,Kopi Nako Ciracas,3 tahun lalu,"Cuma 5 menit dari rumah. Kesini siang siang pas weekday, jadi enak sepi suasananya lebih nyaman.

Saran aja mungkin yg di area indoornya (yg ber-AC) kursi²nya harus diminimalisin lagi deh. Soalnya mubazir seringkali di 1 meja yg berisi 4 bangku tapi dikuasai oleh 1 orang aja, karena bangkunya diatur berdempetan.

Coba diatur kaya di luar gitu, dikasih jarak/cukup 2-2 aja. Jadi customer lain yg ga ngerokok bisa duduk di dalam.",3,0,-1,1,0,0,0,0
8,Kopi Nako Ciracas,3 tahun lalu,"Kesini pagi pagi saat sepi, enak banget kalo lagi pengen sendirian. Kalau rame, mungkin kurang nyaman ya karena kursi didesain tanpa sandaran dg jarak antar meja cukup dekat.
Makanan belum komplit krn baru buka, jadi cuma ada kentang goreng dan sosis (klo gak salah).
Kopi, as usual rasanya sama dg nako yg lain. Penggemar kopi nako pasti suka.",4,0,-1,0,0,0,-1,0
8,Kopi Nako Ciracas,2 tahun lalu,"Tempat & parkir luas, waiters ny ramah dan baik, cocok datang bersama orang tersayang atau keluarga, lokasi yang hening sangat baik jika ingin mencari inspirasi sambil menikmati kopi nako yg manttull",5,1,1,1,0,0,1,0
8,Kopi Nako Ciracas,3 tahun lalu,"Tempat nongrong yang bisa indoor dan outdoor, lengkap ada toilet ada mushola, sistem pesan nya saya suka karna pakai alat gitu jadi kalo pesanan kita udh jadi alatnya bakal bunyi, parkian cukup luas, saran klo kesini naik motor aja soalnya tempat ini lumayan ramai terus. Oiya  kadang juga ada live musiknya jadi makin asik nongkrong disini.",4,0,1,1,0,1,0,0
8,Kopi Nako Ciracas,11 bulan lalu,"1.Banyak nyamuk di indornya
2.Ruangannya g dingin padahal ber-AC",1,0,-1,0,0,0,0,0
8,Kopi Nako Ciracas,3 tahun lalu,"Lumayan lah,, cuma kalo ujan deras di atas ny kena hujan",3,0,-1,0,0,0,0,0
8,Kopi Nako Ciracas,3 tahun lalu,"Cocok untuk santai menikmati kopi yang khas dari Kopi Nako. Tempatnya pun asik ada yg di ruangan ber ac, tidak ber ac, dan asiknya lagi ada tempat nongkrong outdoor dibawah pohon rindang. Lokasinya strategis dan adem klo sore. Asik juga buat meeting ala-ala sama temen2 kerja atau sekolah. Terima kasih",5,0,1,1,0,0,0,0
8,Kopi Nako Ciracas,2 tahun lalu,"Ada kucing nya, kalo yg takut kucing agak kurang nyaman, sorry.",5,0,-1,0,0,0,0,0
8,Kopi Nako Ciracas,4 tahun lalu,"Rame sama retang (remaja tanggung)
Harga standar.
Pelayanan oke",5,0,0,0,0,1,0,0
8,Kopi Nako Ciracas,3 tahun lalu,"Ini tempat bagus hanya utk nongkrong n ngopi diwaktu malam hari krn klo siang hari terlalu panas , utk makanan tidak ada makanan berat hanya kopi dan makanan ringan , ada nasi juga porsi kecil sekali, cocok utk org yg hanya ingin ngobrol dgn teman2,  tdk cocok jika bawa anak kecil & kluarga",3,0,-1,0,0,0,-1,0
8,Kopi Nako Ciracas,4 tahun lalu,"Tempatnya luass, banyak spot yg kiranya cocok masuk frame. Staff ramah, cemilan makanan under 30k. Makan sekalian minum disini ga abis gocap se orang, asli ☕️",5,1,1,0,0,0,0,0
8,Kopi Nako Ciracas,setahun lalu,"Menunya enak semua, tetapi toiletnya tidak bisa dikunci, di maps buka tetapi jam 8 ternyata belum buka.",2,0,-1,0,0,-1,1,0
8,Kopi Nako Ciracas,8 bulan lalu,"Kopinya ok, ambience nya nyaman banget, banyak pohon jadi adem",5,0,1,0,0,0,0,0
8,Kopi Nako Ciracas,3 tahun lalu,Tempat kopi yg nyaman diantara beberapa tempat yg ada di sekitarnya,5,0,1,0,0,0,0,0
8,Kopi Nako Ciracas,4 tahun lalu,"Pagi2 kesini jam10an masih sepi, enak bawa anak kecil kesini tmptnya luas, dn prkirannya jg cukup lega. Makanan standar coffee shop ya.
Smoking dn no smoking area.",4,0,1,0,0,0,0,0
8,Kopi Nako Ciracas,3 tahun lalu,"Mahal doang, enak kaga. Lol. Not recommended. Untuk minuman 29K ukurannya kecil banget, rasa kalah sama minuman grobakan. Kami coba Taro latte @2 dan 1 hot cappucino.",3,0,0,0,-1,0,-1,0
8,Kopi Nako Ciracas,2 tahun lalu,"Tempatnya nyaman, pilihan menu minumannya banyak + ada snack juga, suasananya nyaman dan banyak spot fotonya, karyawannya ramah-ramah, udah gitu ada wifi gratisnya juga.",5,1,1,0,0,0,0,0
8,Kopi Nako Ciracas,setahun lalu,"gula arennya creamy bangett, wajib coba beef blackpappernya sama pisang gorengnya enak bgtt",5,0,0,0,0,0,1,0
8,Kopi Nako Ciracas,2 tahun lalu,Tempat bersahabat diirngi live music...,5,0,1,0,0,0,0,0
8,Kopi Nako Ciracas,setahun lalu,"Ass wr ab alhamdulliah Alhamdulillah Alhamdulillah wa ala Ali syadina Muhammad wa ala Ali syadina Muhammad

Trmksh Call calling di dial up u/20 yang sudah di verifikasi di sepanjang jalan rute anda",5,0,0,0,0,0,0,0
8,Kopi Nako Ciracas,3 tahun lalu,"Lokasi pinggir jalan raya, tempat nyaman, dominan menu minuman , bisa buat meeting, parkiran luas, toilet ada, ada ruangan yang nyaman",3,0,1,1,0,0,0,0
8,Kopi Nako Ciracas,6 bulan lalu,Menu banyak yg ga ada,4,0,0,0,0,0,-1,0
8,Kopi Nako Ciracas,3 tahun lalu,"The service is bad. The music is so loud so that they could not hear what customer says. Hah heh hah heh wae.

Also I wait for 30minutes for beverages. Dan diduluin yg order belakangan. Padahal kita pesen makanan juga. Seret gak tuh? 😂
Beside that yang bikin kesel tuh mereka salah pencet alarm. Pas kita mau pick up, bilangnya ketuker WITHOUT saying sorry.

Wont come here for the second time. Enough.",1,0,0,0,0,-1,0,0
8,Kopi Nako Ciracas,2 tahun lalu,Tempat ngupi yg enak suasananya,5,0,1,0,0,0,0,0
8,Kopi Nako Ciracas,2 tahun lalu,Parkiran motor luas.,4,0,0,1,0,0,0,0
8,Kopi Nako Ciracas,3 tahun lalu,Karyawan dan Karyawati ramah ramah melayani Custumer dan orderan cepat di sajikan. Parkiran motor dan mobil ada tempat duduk terbuka dan tertutup ber AC Mayoritas Custumer muda mudi.,5,1,0,1,0,1,0,0
8,Kopi Nako Ciracas,3 tahun lalu,Buat ngopi nyemil santai lumayan dekat rumah 👍🏻 …,5,0,0,0,0,0,0,0
8,Kopi Nako Ciracas,setahun lalu,"Tempat nya liat banyak spot foto foto, ada indoor & outdoor.
Parkiran motor dan mobil juga luas",5,0,1,1,0,0,0,0
8,Kopi Nako Ciracas,4 tahun lalu,"So far so good lah, selalu rame tempatnya. Agak kurang nyaman ajasih kalo lagi ngerjain tugas saat situasinya lg rame dan berisik",4,0,-1,0,0,0,0,0
8,Kopi Nako Ciracas,3 tahun lalu,"Saya kesini pertama di depok, ke dua di ciracas, pas ujan neduh.. deket jendela.. aduh.. nyiprat ujannya.. emang namanya Nako, tapi di depok jg gitu Kena ciprat ujan jg.. kurang nyaman klo musim ujan ksini..",3,0,-1,0,0,0,0,0
8,Kopi Nako Ciracas,4 tahun lalu,"tempat nya nyaman  bagus juga utk foto2 and pelayanan cukup cepat dan strategis juga tempat nya utk di wilayah kita yaa ciracas jakarta timur,kopinako enk",5,0,1,1,0,1,0,0
8,Kopi Nako Ciracas,2 tahun lalu,Sistemnya ambil sendiri dan walaupun makan di tempat tetep pake box nasi gitu tapi kayanya semua kopi nako deh,5,0,0,0,0,0,0,0
8,Kopi Nako Ciracas,4 tahun lalu,"Suara vokalis mengganggu, perlu diseleksi vokalisnya, dan speaker berdekatan dengan tempat memesan jelas mengganggu, + nya desain unik dan ada mushala kecil",3,0,-1,0,0,0,0,0
8,Kopi Nako Ciracas,11 bulan lalu,"Kopi nya enak makanan juga enak harga relatifable , suasana cozy",5,0,1,0,1,0,1,0
8,Kopi Nako Ciracas,2 tahun lalu,Lokasi deket LRT Ciracas. Parkir mobil bisa tapi agak terbatas. Ada indoor dan outdoor. Harga standar.,5,0,0,-1,0,0,0,0
8,Kopi Nako Ciracas,4 tahun lalu,"Tempatnya bagus, ada indoor dan outdoor. Parkiran cukup luas. Makanan dan minuman cukup bervariasi.",4,0,1,1,0,0,0,0
8,Kopi Nako Ciracas,3 tahun lalu,"Enak buat nongkrong outdoor sore2, asalkan gak hujan wkwk karena yang area outdoor gak ada payung atau tenda",5,0,-1,0,0,0,0,0
8,Kopi Nako Ciracas,4 tahun lalu,"Tempatnya enak, makanannya juga, pelayanannya mantap sih pegawainya gesit dan ramah.  Yang ngga enaknya klo rame ajaa hihihi",5,1,-1,0,0,1,1,0
8,Kopi Nako Ciracas,4 tahun lalu,"Beberapa makanan yg dicoba enak, self service tempat resto biasa saja memaksimalkan tempat.",4,0,0,0,0,0,1,0
8,Kopi Nako Ciracas,3 tahun lalu,"Tempatnya enak buat meeting dan kerja, bisa nunggu di bagian pelataran open air nya walau blm buka..",5,0,1,0,0,0,0,0
8,Kopi Nako Ciracas,3 tahun lalu,"Pa.. Limun jadul kalo belum siap jangan buka dulu toko nya, gua driver GO-JEK pikup toko pedia, malah belum ada orang, jadi nge cancel gua",3,0,0,0,0,-1,0,0
8,Kopi Nako Ciracas,2 tahun lalu,"Tempat & susasananya ok, cuma leadtime selain kopi makernya di tingkatkan kembali
Lebih cepat lagi",4,0,1,0,0,1,0,0
8,Kopi Nako Ciracas,setahun lalu,"Tempatnya nyaman bgt, enak buat ngopi sambil nugas",5,0,1,0,0,0,1,0
8,Kopi Nako Ciracas,3 tahun lalu,Tempat nya asik. Parkiran luas. Owner nya cantik pacar temen sy yg ganteng jg ehehe,5,0,1,1,0,0,0,0
8,Kopi Nako Ciracas,4 tahun lalu,"Tempat yg bener2 cm buat nongkrong...😊 cm menyajian berbagai minuman dan cemilan....
Harga okeh👍",5,0,1,0,1,0,0,0
8,Kopi Nako Ciracas,2 tahun lalu,"Lokasinya ditengah kampung, tidak terlalu luas tapi cocok buat nongkrong dan ngobrol ringan",5,0,-1,1,0,0,0,0
8,Kopi Nako Ciracas,3 tahun lalu,"Tempatnya luas dan toiletnya bersih,
cocoklah utk nongki2 cantik dan pegawainya ramah....",5,1,1,0,0,0,0,0
8,Kopi Nako Ciracas,setahun lalu,BAD SERVICE. order matcha latte di ketawain sama baristanya? so iye bgt najis.,1,-1,0,0,0,-1,0,0
8,Kopi Nako Ciracas,3 tahun lalu,cocok buat nongkrong bareng kawan dan kolega,5,0,1,0,0,0,0,0
8,Kopi Nako Ciracas,2 tahun lalu,Lumayan buat nongski aja sii..,3,0,1,0,0,0,0,0
8,Kopi Nako Ciracas,3 tahun lalu,"Senang sekali, kopinya enak. Hanya saja pemilihan lagu yg diputar tidak selaras dengan vibe yg dibangun dari design keseluruhannya.",4,0,-1,0,0,0,1,0
8,Kopi Nako Ciracas,3 tahun lalu,"Costumer juga beli emang iya ngutang. Kalo orderan masuk dilayanin dulu, udah sejam gak ngomong apa-apa . LELET!!",1,0,0,0,0,-1,0,0
8,Kopi Nako Ciracas,3 tahun lalu,"kopinya suka, sering yang di margonda cm krna di kantor deket outlet yg di ciracas jadi mampir kesni, tempatnya lebih kecil, vibesnya sama aja mnurut aku.",5,0,-1,0,0,0,1,0
8,Kopi Nako Ciracas,3 tahun lalu,"Lokasinya strategis dan nyaman apalagi diwaktu malam, namun untuk harga lumayan mahal.",4,0,1,1,-1,0,0,0
8,Kopi Nako Ciracas,3 tahun lalu,Ramah sekali baristanya,5,1,0,0,0,0,0,0
8,Kopi Nako Ciracas,3 tahun lalu,"Mantaaappp ini, tempat ngopi sekaligus tempat bisnis ketemu client bagi saya, makasih untuk pemilik cafe yg sudah membuat cafe senyaman ini.",5,1,1,0,0,0,0,0
8,Kopi Nako Ciracas,setahun lalu,"Tempatnya asik, adem walaupun siang terik. Service juga oke",5,0,1,0,0,1,0,0
8,Kopi Nako Ciracas,2 tahun lalu,"Good semua lah.. kopinya khas banget.. enak..
Makanannya juga utk anak² bisa banget..",5,0,0,0,0,0,1,0
8,Kopi Nako Ciracas,3 tahun lalu,"Parkiran susah, tdk dianjurkan bawa mobil kesini Krn lahan parkirnya kecil",2,0,0,-1,0,0,0,0
8,Kopi Nako Ciracas,3 tahun lalu,Pisang goreng original nya enak banget,5,0,0,0,0,0,1,0
8,Kopi Nako Ciracas,3 tahun lalu,"Minuman nya tidak sebaik tempat nya.
Tempat nya ok sih, cuman yg indoor kecil banget",4,0,-1,0,0,0,-1,0
8,Kopi Nako Ciracas,setahun lalu,"Kalo mau ngerjain tugas enaknya siang
Kalo dah malem rame dan berisik
😁",5,0,0,0,0,0,0,0
8,Kopi Nako Ciracas,2 tahun lalu,"makanan kurang enak, beef lada hitam terlalu asinnn...",5,0,0,0,0,0,-1,0
8,Kopi Nako Ciracas,4 tahun lalu,"Ya.... Ya nako aja.
Coba tolong ruangan indoornya di improve lagi. Acnya berasa di meja yang depan ac doang",4,0,-1,0,0,0,0,0
8,Kopi Nako Ciracas,3 tahun lalu,"Di ruang AC, tapi masih panas juga,
AC nya gak kerasa sama sekali, padahal  isi di ruangan cuma 3 orang,",3,0,-1,0,0,0,0,0
8,Kopi Nako Ciracas,3 tahun lalu,Ini kopinya anak muda khusus untuk anak muda yg berduit setiap harinya ramai pada waktu malam mantap,5,0,0,0,0,0,1,0
8,Kopi Nako Ciracas,5 bulan lalu,Ok banget,5,0,0,0,0,0,0,0
8,Kopi Nako Ciracas,3 tahun lalu,"Tempatnya asik, cozy. Kopinya enak, Nasi lada hitamnya lumayan enak rasanya.",4,0,1,0,0,0,1,0
8,Kopi Nako Ciracas,3 tahun lalu,Harga lumayan mahal...rasa biasa aja. Ntah kenapa bisa rame tempat ini.,1,0,0,0,-1,0,0,0
8,Kopi Nako Ciracas,3 tahun lalu,"Makanan enak, tempat bersih. Minus nya mukena bauuu banget",3,0,-1,0,0,0,1,0
8,Kopi Nako Ciracas,3 tahun lalu,"Outdoor bagus, Indoor jarak antar meja terlalu dekat",5,0,-1,0,0,0,0,0
8,Kopi Nako Ciracas,3 tahun lalu,"Bad attitude administrasi, gak cwe gak cwo sama aja jutek gajelas pembeli tuh raja woy nyadar diri kalo kerja",1,-1,0,0,0,0,0,0
8,Kopi Nako Ciracas,9 bulan lalu,Ngopi disini emang syahdu dan rilex banget,5,0,1,0,0,0,0,0
8,Kopi Nako Ciracas,4 tahun lalu,Pagi2 habis kegitan indonesia Halal Berbagi Kita Ngopi Bareng bersama Norman Camaru,5,0,0,0,0,0,0,0
8,Kopi Nako Ciracas,4 tahun lalu,"Baru sekali mampir di Kopinako.Ciracas...t4 nya menyenangkan sekaligus mengasikkan. Warga Ciracas, Cipayung dan sekitarnya loe semua musti nyobain KopiNako ini...",5,0,1,0,0,0,0,0
8,Kopi Nako Ciracas,2 tahun lalu,Kebanyakan tempat nongkrong di cafe...ya kopi nako...mantap banyak cabang dimana mana..,5,0,0,0,0,0,1,0
8,Kopi Nako Ciracas,3 tahun lalu,Kekurangan tempat parkir mobil tapi tempatnya dan menunya ok👌🏻,5,0,1,0,0,0,0,0
8,Kopi Nako Ciracas,9 bulan lalu,kalo malam minggu banyak yang udah abis,4,0,0,0,0,0,0,0
8,Kopi Nako Ciracas,4 tahun lalu,"Keren tmpt nya..kentang gorengnya,enak bgt..dan deket sma rumah",5,0,1,1,0,0,1,0
8,Kopi Nako Ciracas,4 tahun lalu,TERBURUK!!!! Susah parkir pelayanan lama. Makanan ga ready,1,0,0,-1,0,-1,0,0
8,Kopi Nako Ciracas,4 tahun lalu,Yaaa lumayan yess utk nongkrong² sekedar ghibah atau GM 😆 …,4,0,1,0,0,0,0,0
8,Kopi Nako Ciracas,2 tahun lalu,"Makannya seadanya , kasirnya kurang bersahabat...",2,-1,0,0,0,0,0,0
8,Kopi Nako Ciracas,2 tahun lalu,Pisang goyengnya enak dan manis..pake tepung gula..,5,0,0,0,0,0,1,0
8,Kopi Nako Ciracas,2 tahun lalu,Cuma tempat nongkrong .. Kopi biasa DJ apalagi food,2,0,0,0,0,0,0,0
8,Kopi Nako Ciracas,9 bulan lalu,makanannya enak dan kopinya juga enak,5,0,0,0,0,0,1,0
8,Kopi Nako Ciracas,4 tahun lalu,Ciracas sekitarnya kudu merapat 🔥🔥🔥 …,5,0,0,-1,0,0,0,0
8,Kopi Nako Ciracas,4 tahun lalu,"Lebih asik sore atau malam hari, yakin deh ga nge ngecewain hehe",5,0,0,0,0,0,0,0
8,Kopi Nako Ciracas,3 tahun lalu,Untuk acara kumpul bareng teman cukup nyaman,5,0,1,0,0,0,0,0
8,Kopi Nako Ciracas,3 tahun lalu,kopi durennya lumayan tapi tidak direkomendasikan membawa mobil,4,0,0,-1,0,0,0,0
8,Kopi Nako Ciracas,4 tahun lalu,Cobain secret menunya ya!,5,0,0,0,0,0,0,0
8,Kopi Nako Ciracas,2 tahun lalu,"Cocok buat ngopi santai, selalu ramai",4,0,-1,0,0,0,0,0
8,Kopi Nako Ciracas,4 tahun lalu,"Lumayan luas, asik kalo ngopi malem disini",4,0,1,0,0,0,0,0
8,Kopi Nako Ciracas,3 tahun lalu,Mix platternya pas buat sharing meals,5,0,0,0,0,0,1,0
8,Kopi Nako Ciracas,4 tahun lalu,"caffee nya bagus bangettt ramah"" pelayan nya tauu",5,0,0,0,0,0,0,0
8,Kopi Nako Ciracas,3 tahun lalu,"Suaranya live music sangat mengganggu lingkungan, mengganggu istirahat",1,0,-1,0,0,0,0,0
8,Kopi Nako Ciracas,3 tahun lalu,"nako gapernah gagal dimanapun tempatnya, nyaman dan murahh!!!",5,0,1,0,1,0,0,0
8,Kopi Nako Ciracas,3 tahun lalu,"Tempat nya bagus,asik buat nongkrong",5,0,1,0,0,0,0,0
8,Kopi Nako Ciracas,4 tahun lalu,Enak buat nongkrong,5,0,1,0,0,0,0,0
8,Kopi Nako Ciracas,4 tahun lalu,"Congrats,,, opening in jakarta timur",5,0,0,0,0,0,0,0
8,Kopi Nako Ciracas,3 tahun lalu,"Kesini buat nugas dari siang sampe malem, untung ga diusir",5,0,0,0,0,0,0,0
8,Kopi Nako Ciracas,8 bulan lalu,Harganya relatif,4,0,0,0,0,0,0,0
8,Kopi Nako Ciracas,2 tahun lalu,lama banget nunggu nya . ntah kurang karyawan atau gimana,3,0,0,0,0,-1,0,0
8,Kopi Nako Ciracas,3 tahun lalu,Selalu rame jadi aku belom pernah kesini😬😬😬,5,0,-1,0,0,0,0,0
8,Kopi Nako Ciracas,setahun lalu,Lumayan lah  tempat parkir luas,5,0,0,0,0,0,0,0
8,Kopi Nako Ciracas,3 tahun lalu,mantaaps suasana cozy,5,0,1,0,0,0,0,0
8,Kopi Nako Ciracas,setahun lalu,ACnya kurang berasa,5,0,-1,0,0,0,0,0
8,Kopi Nako Ciracas,8 bulan lalu,Untuk makanan dan kopi so so lah,5,0,0,0,0,0,0,0
8,Kopi Nako Ciracas,4 tahun lalu,Belum pernah berkunjung tapi kelihatannya bagus & cozzy,4,0,1,0,0,0,0,0
8,Kopi Nako Ciracas,4 tahun lalu,Tempatnua nongkrongable bgttt,5,0,1,0,0,0,0,0
8,Kopi Nako Ciracas,3 tahun lalu,"kopinya lumayan, tempatnya cozy",4,0,1,0,0,0,0,0
8,Kopi Nako Ciracas,4 tahun lalu,Tempatnya bagus enak buat ngumpul,5,0,1,0,0,0,0,0
8,Kopi Nako Ciracas,4 tahun lalu,Nyaman jg disini asal gak kepanansan,5,0,-1,0,0,0,0,0
8,Kopi Nako Ciracas,2 tahun lalu,Asyik lah buat nongkrong,5,0,1,0,0,0,0,0
8,Kopi Nako Ciracas,4 tahun lalu,Rekomendasi sih..,5,0,0,0,0,0,0,0
8,Kopi Nako Ciracas,3 tahun lalu,Live musiknya bikin warga sini kebrisikan,1,0,0,0,0,0,0,0
8,Kopi Nako Ciracas,3 tahun lalu,"Cafe / resto kopi Nako Ciracas
It's ok ....",5,0,0,0,0,0,0,0
8,Kopi Nako Ciracas,3 tahun lalu,Tempat yg asyik buat kongkow²,5,0,1,0,0,0,0,0
8,Kopi Nako Ciracas,3 tahun lalu,Tempatnya nyaman dan mudah dicapai,5,0,1,1,0,0,0,0
8,Kopi Nako Ciracas,setahun lalu,Rame pemuda pemudi,5,0,0,0,0,0,0,0
8,Kopi Nako Ciracas,3 tahun lalu,Nyaman tempatnya.,5,0,1,0,0,0,0,0
8,Kopi Nako Ciracas,3 tahun lalu,Nyantui bgt klo malem selain malem minggu,5,0,0,0,0,0,0,0
8,Kopi Nako Ciracas,3 tahun lalu,Per orang minimal 45k,5,0,0,0,0,0,0,0
8,Kopi Nako Ciracas,2 tahun lalu,Suasana tenang tapi tidak sepi,5,0,-1,0,0,0,0,0
8,Kopi Nako Ciracas,3 tahun lalu,Santai nyaman,5,0,1,0,0,0,0,0
8,Kopi Nako Ciracas,2 tahun lalu,pelanyanannya burukk pokonya,1,0,0,0,0,-1,0,0
8,Kopi Nako Ciracas,3 tahun lalu,Cocok makanannya enakkk,5,0,0,0,0,0,1,0
8,Kopi Nako Ciracas,4 tahun lalu,Bagus tempat nya,5,0,1,0,0,0,0,0
8,Kopi Nako Ciracas,setahun lalu,Nyaman adem....,5,0,1,0,0,0,0,0
8,Kopi Nako Ciracas,3 tahun lalu,Oke buat nongkrong,4,0,1,0,0,0,0,0
8,Kopi Nako Ciracas,4 tahun lalu,Tempat enak buat nongkrong,4,0,1,0,0,0,0,0
8,Kopi Nako Ciracas,2 tahun lalu,Live musicnya seru,5,0,1,0,0,0,0,0
8,Kopi Nako Ciracas,3 tahun lalu,Lumayan buat meeting online,5,0,1,0,0,0,0,0
8,Kopi Nako Ciracas,4 tahun lalu,tempatnya asik buat hangout,5,0,1,0,0,0,0,0
8,Kopi Nako Ciracas,4 tahun lalu,Tempatnya bagus pelayanannya ramah,5,0,1,0,0,0,0,0
8,Kopi Nako Ciracas,3 tahun lalu,Lokasi nyaman buat santuy,5,0,0,1,0,0,0,0
8,Kopi Nako Ciracas,3 tahun lalu,"Karyawan tidak ramah,nyolot ketika mesen",1,-1,0,0,0,0,0,0
8,Kopi Nako Ciracas,4 tahun lalu,Nyaman ... Harga standar,4,0,1,0,0,0,0,0
8,Kopi Nako Ciracas,3 tahun lalu,Tempat nya nyaman,5,0,1,0,0,0,0,0
8,Kopi Nako Ciracas,3 tahun lalu,Cukup menyenangkan,4,0,0,0,0,0,0,0
8,Kopi Nako Ciracas,setahun lalu,Tempat keren,5,0,1,0,0,0,0,0
8,Kopi Nako Ciracas,setahun lalu,Bagus,5,0,0,0,0,0,0,0
8,Kopi Nako Ciracas,3 tahun lalu,Tempat bagus untuk kebersamaan,5,0,1,0,0,0,0,0
8,Kopi Nako Ciracas,4 tahun lalu,Enak buat nongkrong,5,0,1,0,0,0,0,0
8,Kopi Nako Ciracas,2 tahun lalu,Terlalu berisik dan panas,5,0,-1,0,0,0,0,0
8,Kopi Nako Ciracas,3 tahun lalu,Nyaman dan estetik,5,0,1,0,0,0,0,0
8,Kopi Nako Ciracas,setahun lalu,Enak untuk meeting,5,0,1,0,0,0,0,0
8,Kopi Nako Ciracas,4 tahun lalu,Tempat ngopi paforit di timur jakarta,4,0,0,0,0,0,0,0
8,Kopi Nako Ciracas,4 tahun lalu,lebih bagus dari nako rawamangun,5,0,0,0,0,0,0,0
8,Kopi Nako Ciracas,4 tahun lalu,Asli keren tempatnya,5,0,1,0,0,0,0,0
8,Kopi Nako Ciracas,3 tahun lalu,Bagus t4nya,4,0,1,0,0,0,0,0
8,Kopi Nako Ciracas,3 tahun lalu,Istirahat mas seh,5,0,0,0,0,0,0,0
8,Kopi Nako Ciracas,setahun lalu,Nyaman,4,0,1,0,0,0,0,0
8,Kopi Nako Ciracas,3 tahun lalu,Parkiran sempit,3,0,0,-1,0,0,0,0
8,Kopi Nako Ciracas,4 tahun lalu,enak tapi pricey,3,0,0,0,-1,0,1,0
8,Kopi Nako Ciracas,4 tahun lalu,Tongkrongan jaman sekarang banget,5,0,0,0,0,0,0,0
8,Kopi Nako Ciracas,3 tahun lalu,bagus lah,4,0,0,0,0,0,0,0
8,Kopi Nako Ciracas,3 tahun lalu,Kurang ramah layanan,2,-1,0,0,0,0,0,0
8,Kopi Nako Ciracas,4 tahun lalu,👌 …,5,0,0,0,0,0,0,0
8,Kopi Nako Ciracas,3 tahun lalu,Karyawan cewenya lucu lucu,5,0,0,0,0,0,0,0
8,Kopi Nako Ciracas,3 tahun lalu,Ramai../ antrean..,5,0,0,0,0,-1,0,0
8,Kopi Nako Ciracas,4 tahun lalu,Mantap.,5,0,0,0,0,0,0,0
8,Kopi Nako Ciracas,4 tahun lalu,Pelayanan baik 👍👍👍🙏 …,5,0,0,0,0,1,0,0
8,Kopi Nako Ciracas,2 tahun lalu,Jangan tidur di sini yaa,4,0,0,0,0,0,0,0
8,Kopi Nako Ciracas,3 tahun lalu,susah parkir,4,0,0,-1,0,0,0,0
8,Kopi Nako Ciracas,2 tahun lalu,Lumayanlah,4,0,0,0,0,0,0,0
8,Kopi Nako Ciracas,3 tahun lalu,Tempat bagus,5,0,1,0,0,0,0,0
8,Kopi Nako Ciracas,2 tahun lalu,Mantab,4,0,0,0,0,0,0,0
8,Kopi Nako Ciracas,3 tahun lalu,Bagus,5,0,0,0,0,0,0,0
8,Kopi Nako Ciracas,3 tahun lalu,Nyaman,4,0,1,0,0,0,0,0
8,Kopi Nako Ciracas,3 tahun lalu,mantaps,5,0,0,0,0,0,0,0
8,Kopi Nako Ciracas,2 tahun lalu,Mantap,5,0,0,0,0,0,0,0
8,Kopi Nako Ciracas,2 bulan lalu,"Tempat yang bagus untuk nongkrong di sekitar area Ciracas… kedai kopi ini dekat dengan Stasiun LRT.

Sepertinya perawatannya buruk!! Selain itu, MUSIKNYA sangat keras!! Datang ke sini, saya ingin minum kopi dan mengobrol dengan teman-teman, bukan untuk mendengarkan musik.",3,0,-1,1,0,0,0,0
8,Kopi Nako Ciracas,3 tahun lalu,"Suka banget tempatnya! Cantik banget! 😍

Kopinya enak, agak ringan buatku.

Kami pesan V60 dan Signature coffee. V60 rasanya ringan banget, kurasa mereka pakai campuran arabica. Dan lattenya, rasanya manis dari susu dan agak pahit, kurasa mereka pakai campuran robusta untuk latte.

Karena dekat rumah, aku akan sering berkunjung ke sini.",5,0,1,1,0,0,1,0
8,Kopi Nako Ciracas,4 tahun lalu,"Minus - Harganya terlalu mahal. Tidak direkomendasikan, saya membeli cireng bumbu rujak, kentang goreng, pisang goreng, tahu bakso. Porsinya sangat kecil, saya tahu semua makanannya makanan beku, bisa turunkan harga atau tambah porsinya (TIDAK LAYAK DICOBA) rasanya tidak istimewa. Matcha late jelly Rp 37.500 bro, harganya terlalu mahal untuk ukuran cup kecil.
Kelebihannya - tempat yang nyaman dan besar untuk nongkrong bersama teman atau bekerja, mereka memiliki ruangan dalam yang nyaman dengan meja besar atau kecil, kursinya sangat pas sehingga Anda tidak akan merasa lelah jika duduk berjam-jam. Stafnya cepat tanggap, membantu, dan ramah. Tidak akan kembali.",2,1,1,0,-1,0,-1,0
8,Kopi Nako Ciracas,3 bulan lalu,"Lekker

Kami punya asisten parkir yang keren di sini",5,1,0,0,0,0,0,0
8,Kopi Nako Ciracas,2 tahun lalu,"Suasananya di sini menyenangkan, tetapi saat terakhir kali saya mengunjungi tempat ini, kolam kecil dan air mancurnya masih berisi ikan dan berfungsi, jadi cukup keren karena terletak di luar ruangan, tetapi hari ini tidak berfungsi.

Kopinya enak, saya menikmati V60 saya dengan biji kopi Forbidden Fruits dari Spa Roaste.

Aroma buah dan sedikit aroma mangga sangat enak dinikmati di sore hari.

Kurang lebih saya menikmati kunjungan saya.

🙏 Terima kasih.",5,0,-1,0,0,0,1,0
8,Kopi Nako Ciracas,setahun lalu,"suasananya bagus, parkir sekitar 6 mobil, banyak area luar ruangan",5,0,1,0,0,0,0,0
8,Kopi Nako Ciracas,3 tahun lalu,"Tempat yang nyaman dan asri untuk nongkrong bareng teman...
Harganya terjangkau,
Semi self service,",5,0,1,0,1,0,0,0
8,Kopi Nako Ciracas,3 tahun lalu,"Tempat yang nyaman untuk nongkrong, tempat yang keren, musik live yang asyik. Tidak terlalu disarankan untuk datang ke sini dengan mobil, karena area parkirnya terbatas. Jadi datanglah dengan sepeda agar lebih mudah diakses.",5,0,1,-1,0,0,0,0
8,Kopi Nako Ciracas,3 tahun lalu,Tempat yang nyaman untuk bersantai dengan camilan dan kopi yang lezat.,5,0,1,0,0,0,1,0
8,Kopi Nako Ciracas,3 tahun lalu,Nyaman dan suasananya menyenangkan.,5,0,1,0,0,0,0,0
8,Kopi Nako Ciracas,3 tahun lalu,"Kopinya enak, tempatnya luas, dekorasinya bagus, dan harganya juga tidak terlalu mahal.",5,0,1,0,1,0,1,0
8,Kopi Nako Ciracas,7 bulan lalu,Rekomendasi untuk pekerjaan,5,0,0,0,0,0,0,0
8,Kopi Nako Ciracas,4 tahun lalu,"Mahal, tapi tempatnya bagus. Makanan dan minumannya biasa saja.",4,0,1,0,-1,0,0,0
8,Kopi Nako Ciracas,6 bulan lalu,Secara keseluruhan bagus.,4,0,0,0,0,0,0,0
8,Kopi Nako Ciracas,setahun lalu,Puanase muanteb polllllll,5,0,0,0,0,0,0,0
8,Kopi Nako Ciracas,2 tahun lalu,"Pelayanannya bagus, kopinya enak banget.",5,0,0,0,0,1,1,0
8,Kopi Nako Ciracas,3 tahun lalu,Tempat terbaik untuk nongkrong bersama teman-temanmu,5,0,1,0,0,0,0,0
8,Kopi Nako Ciracas,setahun lalu,panas tapi dingin (kopinya),5,0,0,0,0,0,-1,0
8,Kopi Nako Ciracas,4 tahun lalu,"Tempatnya bagus, suasananya juga bagus. Selamat menikmati!!!",5,0,1,0,0,0,0,0
8,Kopi Nako Ciracas,10 bulan lalu,Bagus,5,0,0,0,0,0,0,0
8,Kopi Nako Ciracas,3 tahun lalu,"Tempat yang nyaman, kopi dan minuman yang enak",5,0,1,0,0,0,1,0
8,Kopi Nako Ciracas,2 tahun lalu,tempat nongkrong yang bagus,5,0,1,0,0,0,0,0
8,Kopi Nako Ciracas,3 tahun lalu,Direkomendasikan untuk akhir pekan dan menyegarkan diri.,4,0,0,0,0,0,0,0
8,Kopi Nako Ciracas,4 tahun lalu,B aja,3,0,0,0,0,0,0,0
8,Kopi Nako Ciracas,3 tahun lalu,Tempat yang nyaman,4,0,1,0,0,0,0,0
8,Kopi Nako Ciracas,setahun lalu,Nyaman,5,0,1,0,0,0,0,0
8,Kopi Nako Ciracas,setahun lalu,Luar biasa,5,0,0,0,0,0,0,0
8,Kopi Nako Ciracas,setahun lalu,Bagus,4,0,0,0,0,0,0,0
8,Kopi Nako Ciracas,2 tahun lalu,Nyaman,5,0,1,0,0,0,0,0
8,Kopi Nako Ciracas,3 tahun lalu,Serangga,4,0,0,0,0,0,0,0
8,Kopi Nako Ciracas,2 tahun lalu,Direkomendasikan,5,0,0,0,0,0,0,0
8,Kopi Nako Ciracas,3 tahun lalu,Manjiww~,5,0,0,0,0,0,0,0
8,Kopi Nako Ciracas,4 tahun lalu,Tempat nongkrong remaja,5,0,0,0,0,0,0,0
8,Kopi Nako Ciracas,3 tahun lalu,Terima kasih google,5,0,0,0,0,0,0,0
8,Kopi Nako Ciracas,3 tahun lalu,Espresso Asli,4,0,0,0,0,0,0,0
8,Kopi Nako Ciracas,2 tahun lalu,Basgbssgnbasgbs,5,0,0,0,0,0,0,0
8,Kopi Nako Ciracas,3 tahun lalu,Bagus,5,0,0,0,0,0,0,0
